ID,Item,Category,Quantity,Unit,Specification,Definition,Reference
ENC-01,Unified base,Enclosure,1,pcs,"Printed body, keyboard deck and drive cover in one volume.",Proposed part,
ENC-02,Head with integrated platform,Enclosure,1,pcs,Printed enclosure with a centered opening for the native-size display.,Proposed part,
ENC-03,Top speaker grille,Enclosure,1,pcs,Recessed metal grille · 82 × 72 mm.,Proposed part,
ENC-04,Acoustic chamber,Enclosure,1,pcs,Proposed printed chamber · 78 × 68 × 30 mm.,Proposed part,
ENC-05,Elastomer feet,Enclosure,4,pcs,Non-slip feet; material and hardness to be specified.,Proposed part,
ENC-06,Camera shutter,Enclosure,1,pcs,Sliding privacy cover with grip grooves.,Proposed part,
ENC-07,Shutter rail,Enclosure,1,pcs,Proposed guide for the sliding shutter.,Proposed part,
ELE-01,Compute Module 5 · 8 GB,Electronics,1,pcs,55 × 40 mm module; storage and wireless variant to be confirmed.,Simplified reference,https://www.raspberrypi.com/products/compute-module-5/
ELE-02,CM5-NANO-B carrier,Electronics,1,pcs,"Provisional 55 × 41 mm envelope, connectors and I/O reserves.",Simplified reference,https://www.waveshare.com/cm5-nano-b.htm
ELE-03,4″ HDMI LCD (C),Electronics,1,pcs,720 × 720 px · 84 × 84 mm glass · 72.53 × 72.53 mm active area.,Simplified reference,https://www.waveshare.com/4inch-hdmi-lcd-c.htm
ELE-04,Camera Module 3,Electronics,1,pcs,25 × 24 × 11.5 mm envelope; lens and connector simplified.,Simplified reference,https://www.raspberrypi.com/products/camera-module-3/
ELE-05,ReSpeaker XVF3800 array,Electronics,1,pcs,Supplier model at native scale; includes optional XIAO ESP32S3. Purchase variant remains open.,Supplier model,https://wiki.seeedstudio.com/respeaker_xvf3800_introduction/#resources
ELE-06,40 mm speaker,Electronics,1,pcs,"Generic driver reserve; impedance, power and commercial model to be selected.",To specify,
ELE-07,VL53L1X distance sensor,Electronics,1,pcs,Provisional 13 × 18 mm carrier and optical window.,Simplified reference,https://www.pololu.com/product/3415
ELE-08,Ambient light sensor,Electronics,1,pcs,20 × 20 mm reserved space; module not selected.,To specify,
ELE-09,Heat sink,Electronics,1,pcs,55 × 40 × 12 mm thermal reserve; cooling not validated.,To specify,
ELE-10,40 mm fan,Electronics,1,pcs,40 × 40 × 10 mm reserve; electrical specification to be selected.,To specify,
MOT-01,SC09 positional microservo,Motion,1,pcs,34 × 16 × 34 mm conservative body reserve; 6 V motor rail.,Simplified reference,https://www.waveshare.com/wiki/SC09_Servo
MOT-02,72-tooth drive pulley,Motion,1,pcs,GT2 · 2 mm pitch · illustrative teeth; hub attachment to be designed.,Proposed part,
MOT-03,48-tooth output pulley,Motion,1,pcs,GT2 · 1.5:1 head/servo angle ratio; tooth profile is illustrative.,Proposed part,
MOT-04,GT2 drive belt,Motion,1,pcs,220 mm nominal length × 6 mm width; tension adjustment pending.,Simplified reference,
MOT-05,6805 bearings,Motion,2,pcs,25 × 37 × 7 mm each; bearing fits and retention pending.,Simplified reference,
MOT-06,Hollow spindle,Motion,1,pcs,Ø16 mm cable passage with upper shoulder; machining concept.,Proposed part,
MOT-07,Motion controller,Motion,1,pcs,Controller with half-duplex TTL; 36 × 26 mm board reserve.,To specify,
MOT-08,6 V motor regulator,Motion,1,pcs,28 × 20 × 10 mm reserve; current capacity to be sized.,To specify,
MOT-09,Home sensor and target,Motion,1,set,Proposed independent reference for head position.,To specify,
MOT-10,Mechanical travel stops,Motion,1,set,Input flag and two stops; positioning and loads to be validated.,Proposed part,
MNT-01,Bearing pedestal,Mounting,1,pcs,Proposed support around the two bearings.,Proposed part,
MNT-02,Bearing bridge,Mounting,1,pcs,Proposed bridge above the drive belt.,Proposed part,
MNT-03,Bridge standoffs,Mounting,4,pcs,18 mm support height; proposed geometry.,Proposed part,
MNT-04,Servo clamp,Mounting,1,pcs,Slotted mount reserve for belt tension adjustment.,Proposed part,
MNT-05,Compute mounting kit,Mounting,1,set,"Cradle, four supports and two edge saddles; proposed assembly.",Proposed part,
MNT-06,Camera mounting kit,Mounting,1,set,Two edge cradles and a crossbar; proposed assembly.,Proposed part,
MNT-07,Display mounting kit,Mounting,1,set,Two edge carriers and four retaining clips; proposed assembly.,Proposed part,
MNT-08,Microphone retaining clips,Mounting,2,pcs,Proposed edge retention for the ReSpeaker board.,Proposed part,
MNT-09,Microphone acoustic ports,Mounting,4,set,"Each port has a duct, trim ring and mesh; sealing to be validated.",Proposed part,
MNT-10,Speaker gasket and mounts,Mounting,1,set,One sealing gasket and four mounting posts.,Proposed part,
MNT-11,Mounting screws,Mounting,12,pcs,4 proposed M2 compute screws + 4 display + 4 speaker screws. Lengths and final hardware pending.,To specify,
MNT-12,Harness strain relief,Mounting,1,pcs,Proposed retainer at the head cable entry.,Proposed part,
CTL-01,Mechanical key switches,Controls,6,pcs,14 mm switch reserves; switch model and wiring pending.,To specify,
CTL-02,Keycaps,Controls,6,pcs,Six keycaps with illustrative legends.,Proposed part,
CTL-03,Control lever,Controls,1,pcs,"Boot, metal shaft and ball; sensing mechanism not modeled.",To specify,
CTL-04,Voice button,Controls,1,pcs,Button envelope; switch and attachment to be specified.,To specify,
CTL-05,Physical mute switch,Controls,1,pcs,Mute control reserve; electrical circuit pending.,To specify,
CTL-06,Power switch,Controls,1,pcs,Power switch envelope; rating and wiring pending.,To specify,
CTL-07,Lighting and indicators,Controls,To specify,set,"Key RGB, base and LCD light guides, camera and agent indicators. Final LED count and driver pending.",To specify,
CON-01,Connection panel,Connections,1,pcs,Rear panel for power and service connections.,Proposed part,
CON-02,External connectors,Connections,1,set,"USB-C logic power, service USB-A and 6 V motor connector.",To specify,
CON-03,Camera CSI cable,Connections,1,pcs,15-to-22 pin FFC route; length and bend radius to be validated.,To specify,
CON-04,USB audio cable,Connections,1,pcs,Proposed internal USB route to the microphone array.,To specify,
CON-05,Speaker wire pair,Connections,1,set,Amplified audio routing reserve; termination pending.,To specify,
CON-06,Motor cable,Connections,1,pcs,Fixed motor wiring route; connector and length pending.,To specify,
CON-07,Flexible head harness,Connections,1,pcs,Power and control through the hollow spindle; ±180° flex life unvalidated.,To specify,
CON-08,External power supply,Connections,To specify,set,5 V logic and regulated 6 V motor power architecture; adapters and current budget still to be defined.,To specify,
CON-09,Remaining interconnects and fasteners,Connections,To specify,set,"HDMI, control wiring, inserts and final enclosure/joint fasteners are not fully modeled or specified.",To specify,
